id,name
1,"MDW-F210SA Sword"
2,""
3,""
4,""
5,""
6,""
7,""
8,""
9,"MDW-S910SA L-Cannon"
10,""
11,""
12,""
13,""
14,""
15,""
16,""
17,""
18,""
19,""
20,""
21,""
22,""
23,""
24,""
25,""
26,""
27,""
28,""
29,""
30,""
31,""
32,""
33,""
34,""
35,""
36,""
37,""
38,""
39,""
40,""
41,""
42,""
43,""
44,""
45,""
46,""
47,""
48,""
49,""
50,""
51,""
52,""
53,""
54,""
55,""
56,""
57,""
58,""
59,""
60,""
61,""
62,""
63,""
64,""
65,""
66,""
67,""
68,""
69,""
70,""
71,""
72,""
73,""
74,""
75,""
76,""
77,""
78,""
79,""
80,""
81,""
82,""
83,""
84,""
85,""
86,""
87,""
88,""
89,""
90,""
91,""
92,""
93,""
94,""
95,""
96,""
97,""
98,""
99,""
100,""
101,""
102,""
103,""
104,""
105,""
106,""
107,""
108,""
109,""
110,""
111,""
112,""
113,""
114,""
115,""
116,""
117,""
118,""
119,""
120,""
121,""
122,""
123,""
124,""
125,""
126,""
127,""
128,""
129,""
130,""
131,""
132,""
133,""
134,"MDW-F120SA Rod"
135,"MDW-F130SA Rod"
136,"MDW-F140SA Rod"
137,"MDW-F150SA Rod"
138,"MDW-F160SA Rod"
139,"MDW-XF120SA Rod"
140,"MDW-XF130SA Rod"
141,"MDW-XF140SA Rod"
142,"MDW-XF150SA Rod"
143,"MDW-XF160SA Rod"
144,"MDW-XXF120SA Rod"
145,"MDW-XXF130SA Rod"
146,"MDW-XXF140SA Rod"
147,"MDW-XXF150SA Rod"
148,"MDW-XXF160SA Rod"
149,""
150,"MDW-F220SA Sword"
151,"MDW-F230SA Sword"
152,"MDW-F240SA Sword"
153,"MDW-F250SA Sword"
154,"MDW-F260SA Sword"
155,"MDW-XF220SA Sword"
156,"MDW-XF230SA Sword"
157,"MDW-XF240SA Sword"
158,"MDW-XF250SA Sword"
159,"MDW-XF260SA Sword"
160,"MDW-XXF220SA Sword"
161,"MDW-XXF230SA Sword"
162,"MDW-XXF240SA Sword"
163,"MDW-XXF250SA Sword"
164,"MDW-XXF260SA Sword"
165,"MDW-F330SA E-Sword"
166,"MDW-F340SA E-Sword"
167,"MDW-F350SA E-Sword"
168,"MDW-F360SA E-Sword"
169,"MDW-XF330SA E-Sword"
170,"MDW-XF340SA E-Sword"
171,"MDW-XF350SA E-Sword"
172,"MDW-XF360SA E-Sword"
173,"MDW-XXF330SA E-Sword"
174,"MDW-XXF340SA E-Sword"
175,"MDW-XXF350SA E-Sword"
176,"MDW-XXF360SA E-Sword"
177,"MDW-F430SA Pile-Bunker"
178,"MDW-F440SA Pile-Bunker"
179,"MDW-F450SA Pile-Bunker"
180,"MDW-F460SA Pile-Bunker"
181,"MDW-XF430SA Pile-Bunker"
182,"MDW-XF440SA Pile-Bunker"
183,"MDW-XF450SA Pile-Bunker"
184,"MDW-XF460SA Pile-Bunker"
185,"MDW-XXF430SA Pile-Bunker"
186,"MDW-XXF440SA Pile-Bunker"
187,"MDW-XXF450SA Pile-Bunker"
188,"MDW-XXF460SA Pile-Bunker"
189,""
190,"MDW-S120SA Machinegun"
191,"MDW-S130SA Machinegun"
192,"MDW-S140SA Machinegun"
193,"MDW-S150SA Machinegun"
194,"MDW-S160SA Machinegun"
195,"MDW-XS120SA Machinegun"
196,"MDW-XS130SA Machinegun"
197,"MDW-XS140SA Machinegun"
198,"MDW-XS150SA Machinegun"
199,"MDW-XS160SA Machinegun"
200,"MDW-XXS120SA Machinegun"
201,"MDW-XXS130SA Machinegun"
202,"MDW-XXS140SA Machinegun"
203,"MDW-XXS150SA Machinegun"
204,"MDW-XXS160SA Machinegun"
205,"MDW-S230SA E-Machinegun"
206,"MDW-S240SA E-Machinegun"
207,"MDW-S250SA E-Machinegun"
208,"MDW-S260SA E-Machinegun"
209,"MDW-XS230SA E-Machinegun"
210,"MDW-XS240SA E-Machinegun"
211,"MDW-XS250SA E-Machinegun"
212,"MDW-XS260SA E-Machinegun"
213,"MDW-XXS230SA E-Machinegun"
214,"MDW-XXS240SA E-Machinegun"
215,"MDW-XXS250SA E-Machinegun"
216,"MDW-XXS260SA E-Machinegun"
217,""
218,"MDW-S320SA Assault"
219,"MDW-S330SA Assault"
220,"MDW-S340SA Assault"
221,"MDW-S350SA Assault"
222,"MDW-S360SA Assault"
223,"MDW-XS320SA Assault"
224,"MDW-XS330SA Assault"
225,"MDW-XS340SA Assault"
226,"MDW-XS350SA Assault"
227,"MDW-XS360SA Assault"
228,"MDW-XXS320SA Assault"
229,"MDW-XXS330SA Assault"
230,"MDW-XXS340SA Assault"
231,"MDW-XXS350SA Assault"
232,"MDW-XXS360SA Assault"
233,"MDW-S420SA B-Rifle"
234,"MDW-S430SA B-Rifle"
235,"MDW-S440SA B-Rifle"
236,"MDW-S450SA B-Rifle"
237,"MDW-S460SA B-Rifle"
238,"MDW-XS420SA B-Rifle"
239,"MDW-XS430SA B-Rifle"
240,"MDW-XS440SA B-Rifle"
241,"MDW-XS450SA B-Rifle"
242,"MDW-XS460SA B-Rifle"
243,"MDW-XXS420SA B-Rifle"
244,"MDW-XXS430SA B-Rifle"
245,"MDW-XXS440SA B-Rifle"
246,"MDW-XXS450SA B-Rifle"
247,"MDW-XXS460SA B-Rifle"
248,"MDW-S530SA E-Rifle"
249,"MDW-S540SA E-Rifle"
250,"MDW-S550SA E-Rifle"
251,"MDW-S560SA E-Rifle"
252,"MDW-XXS530SA E-Rifle"
253,"MDW-XXS540SA E-Rifle"
254,"MDW-XXS550SA E-Rifle"
255,"MDW-XXS560SA E-Rifle"
256,"MDW-XXS530SA E-Rifle"
257,"MDW-XXS540SA E-Rifle"
258,"MDW-XXS550SA E-Rifle"
259,"MDW-XXS560SA E-Rifle"
260,"MDW-S620SA Shotgun"
261,"MDW-S630SA Shotgun"
262,"MDW-S640SA Shotgun"
263,"MDW-S650SA Shotgun"
264,"MDW-S660SA Shotgun"
265,"MDW-XS620SA Shotgun"
266,"MDW-XS630SA Shotgun"
267,"MDW-XS640SA Shotgun"
268,"MDW-XS650SA Shotgun"
269,"MDW-XS660SA Shotgun"
270,"MDW-XXS620SA Shotgun"
271,"MDW-XXS630SA Shotgun"
272,"MDW-XXS640SA Shotgun"
273,"MDW-XXS650SA Shotgun"
274,"MDW-XXS660SA Shotgun"
275,"MDW-S720SA Sniper"
276,"MDW-S730SA Sniper"
277,"MDW-S740SA Sniper"
278,"MDW-S750SA Sniper"
279,"MDW-S760SA Sniper"
280,"MDW-XS720SA Sniper"
281,"MDW-XS730SA Sniper"
282,"MDW-XS740SA Sniper"
283,"MDW-XS750SA Sniper"
284,"MDW-XS760SA Sniper"
285,"MDW-XXS720SA Sniper"
286,"MDW-XXS730SA Sniper"
287,"MDW-XXS740SA Sniper"
288,"MDW-XXS750SA Sniper"
289,"MDW-XXS760SA Sniper"
290,"MDW-S730SA Firegun"
291,"MDW-S740SA Firegun"
292,"MDW-S750SA Firegun"
293,"MDW-S760SA Firegun"
294,"MDW-XS830SA Firegun"
295,"MDW-XS840SA Firegun"
296,"MDW-XS850SA Firegun"
297,"MDW-XS860SA Firegun"
298,"MDW-XXS830SA Firegun"
299,"MDW-XXS840SA Firegun"
300,"MDW-XXS850SA Firegun"
301,"MDW-XXS860SA Firegun"
302,"MDW-S820SA L-Cannon"
303,"MDW-S830SA L-Cannon"
304,"MDW-S840SA L-Cannon"
305,"MDW-S850SA L-Cannon"
306,"MDW-S860SA L-Cannon"
307,"MDW-XS920SA L-Cannon"
308,"MDW-XS930SA L-Cannon"
309,"MDW-XS940SA L-Cannon"
310,"MDW-XS950SA L-Cannon"
311,"MDW-XS960SA L-Cannon"
312,"MDW-XXS920SA L-Cannon"
313,"MDW-XXS930SA L-Cannon"
314,"MDW-XXS940SA L-Cannon"
315,"MDW-XXS950SA L-Cannon"
316,"MDW-XXS960SA L-Cannon"
317,"MDW-S930SA E-Cannon"
318,"MDW-S940SA E-Cannon"
319,"MDW-S950SA E-Cannon"
320,"MDW-S960SA E-Cannon"
321,"MDW-XS1030SA E-Cannon"
322,"MDW-XS1040SA E-Cannon"
323,"MDW-XS1050SA E-Cannon"
324,"MDW-XS1060SA E-Cannon"
325,"MDW-XXS1030SA E-Cannon"
326,"MDW-XXS1040SA E-Cannon"
327,"MDW-XXS1050SA E-Cannon"
328,"MDW-XXS1060SA E-Cannon"
329,"MDW-S1020SA Wiregun"
330,"MDW-S1030SA Wiregun"
331,"MDW-S1040SA Wiregun"
332,"MDW-S1050SA Wiregun"
333,"MDW-S1060SA Wiregun"
334,"MDW-XS1120SA Wiregun"
335,"MDW-XS1130SA Wiregun"
336,"MDW-XS1140SA Wiregun"
337,"MDW-XS1150SA Wiregun"
338,"MDW-XS1160SA Wiregun"
339,"MDW-XXS1120SA Wiregun"
340,"MDW-XXS1130SA Wiregun"
341,"MDW-XXS1140SA Wiregun"
342,"MDW-XXS1150SA Wiregun"
343,"MDW-XXS1160SA Wiregun"
344,"MDW-F120GG P-Knife"
345,"MDW-F130GG P-Knife"
346,"MDW-F140GG P-Knife"
347,"MDW-F150GG P-Knife"
348,"MDW-F160GG P-Knife"
349,"MDW-XF120GG P-Knife"
350,"MDW-XF130GG P-Knife"
351,"MDW-XF140GG P-Knife"
352,"MDW-XF150GG P-Knife"
353,"MDW-XF160GG P-Knife"
354,"MDW-XXF120GG P-Knife"
355,"MDW-XXF130GG P-Knife"
356,"MDW-XXF140GG P-Knife"
357,"MDW-XXF150GG P-Knife"
358,"MDW-XXF160GG P-Knife"
359,"MDW-F220GG B-Crow"
360,"MDW-F230GG B-Crow"
361,"MDW-F240GG B-Crow"
362,"MDW-F250GG B-Crow"
363,"MDW-F260GG B-Crow"
364,"MDW-XF220GG B-Crow"
365,"MDW-XF230GG B-Crow"
366,"MDW-XF240GG B-Crow"
367,"MDW-XF250GG B-Crow"
368,"MDW-XF260GG B-Crow"
369,"MDW-XXF220GG B-Crow"
370,"MDW-XXF230GG B-Crow"
371,"MDW-XXF240GG B-Crow"
372,"MDW-XXF250GG B-Crow"
373,"MDW-XXF260GG B-Crow"
374,"MDW-S120GG HB-Rifle"
375,"MDW-S130GG HB-Rifle"
376,"MDW-S140GG HB-Rifle"
377,"MDW-S150GG HB-Rifle"
378,"MDW-S160GG HB-Rifle"
379,"MDW-XS120GG HB-Rifle"
380,"MDW-XS130GG HB-Rifle"
381,"MDW-XS140GG HB-Rifle"
382,"MDW-XS150GG HB-Rifle"
383,"MDW-XS160GG HB-Rifle"
384,"MDW-XXS120GG HB-Rifle"
385,"MDW-XXS130GG HB-Rifle"
386,"MDW-XXS140GG HB-Rifle"
387,"MDW-XXS150GG HB-Rifle"
388,"MDW-XXS160GG HB-Rifle"
389,"MDW-S230GG Diskbom"
390,"MDW-S240GG Diskbom"
391,"MDW-S250GG Diskbom"
392,"MDW-S260GG Diskbom"
393,"MDW-XS230GG Diskbom"
394,"MDW-XS240GG Diskbom"
395,"MDW-XS250GG Diskbom"
396,"MDW-XS260GG Diskbom"
397,"MDW-XXS230GG Diskbom"
398,"MDW-XXS240GG Diskbom"
399,"MDW-XXS250GG Diskbom"
400,"MDW-XXS260GG Diskbom"
401,"MDW-F120ME Heat-Edge"
402,"MDW-F130ME Heat-Edge"
403,"MDW-F140ME Heat-Edge"
404,"MDW-F150ME Heat-Edge"
405,"MDW-F160ME Heat-Edge"
406,"MDW-XF120ME Heat-Edge"
407,"MDW-XF130ME Heat-Edge"
408,"MDW-XF140ME Heat-Edge"
409,"MDW-XF150ME Heat-Edge"
410,"MDW-XF160ME Heat-Edge"
411,"MDW-XXF120ME Heat-Edge"
412,"MDW-XXF130ME Heat-Edge"
413,"MDW-XXF140ME Heat-Edge"
414,"MDW-XXF150ME Heat-Edge"
415,"MDW-XXF160ME Heat-Edge"
416,"MDW-F120ME B-Centipede"
417,"MDW-F130ME B-Centipede"
418,"MDW-F140ME B-Centipede"
419,"MDW-F150ME B-Centipede"
420,"MDW-F160ME B-Centipede"
421,"MDW-XF220ME B-Centipede"
422,"MDW-XF230ME B-Centipede"
423,"MDW-XF240ME B-Centipede"
424,"MDW-XF250ME B-Centipede"
425,"MDW-XF260ME B-Centipede"
426,"MDW-XXF220ME B-Centipede"
427,"MDW-XXF230ME B-Centipede"
428,"MDW-XXF240ME B-Centipede"
429,"MDW-XXF250ME B-Centipede"
430,"MDW-XXF260ME B-Centipede"
431,"MDW-S120ME Bladegun"
432,"MDW-S130ME Bladegun"
433,"MDW-S140ME Bladegun"
434,"MDW-S150ME Bladegun"
435,"MDW-S160ME Bladegun"
436,"MDW-XS120ME Bladegun"
437,"MDW-XS130ME Bladegun"
438,"MDW-XS140ME Bladegun"
439,"MDW-XS150ME Bladegun"
440,"MDW-XS160ME Bladegun"
441,"MDW-XXS120ME Bladegun"
442,"MDW-XXS130ME Bladegun"
443,"MDW-XXS140ME Bladegun"
444,"MDW-XXS150ME Bladegun"
445,"MDW-XXS160ME Bladegun"
446,"MDW-S220ME B-Rifle"
447,"MDW-S230ME B-Rifle"
448,"MDW-S240ME B-Rifle"
449,"MDW-S250ME B-Rifle"
450,"MDW-S260ME B-Rifle"
451,"MDW-XS220ME B-Rifle"
452,"MDW-XS230ME B-Rifle"
453,"MDW-XS240ME B-Rifle"
454,"MDW-XS250ME B-Rifle"
455,"MDW-XS260ME B-Rifle"
456,"MDW-XXS220ME B-Rifle"
457,"MDW-XXS230ME B-Rifle"
458,"MDW-XXS240ME B-Rifle"
459,"MDW-XXS250ME B-Rifle"
460,"MDW-XXS260ME B-Rifle"
461,"MDW-S320ME B-Sniper"
462,"MDW-S330ME B-Sniper"
463,"MDW-S340ME B-Sniper"
464,"MDW-S350ME B-Sniper"
465,"MDW-S360ME B-Sniper"
466,"MDW-XS320ME B-XSniper"
467,"MDW-XS330ME B-XSniper"
468,"MDW-XS340ME B-XSniper"
469,"MDW-XS350ME B-XSniper"
470,"MDW-XS360ME B-XSniper"
471,"MDW-XXS320ME B-XXSniper"
472,"MDW-XXS330ME B-XXSniper"
473,"MDW-XXS340ME B-XXSniper"
474,"MDW-XXS350ME B-XXSniper"
475,"MDW-XXS360ME B-XXSniper"
476,"MDW-S420ME Firegun"
477,"MDW-S430ME Firegun"
478,"MDW-S440ME Firegun"
479,"MDW-S450ME Firegun"
480,"MDW-S460ME Firegun"
481,"MDW-XS420ME Firegun"
482,"MDW-XS430ME Firegun"
483,"MDW-XS440ME Firegun"
484,"MDW-XS450ME Firegun"
485,"MDW-XS460ME Firegun"
486,"MDW-XXS420ME Firegun"
487,"MDW-XXS430ME Firegun"
488,"MDW-XXS440ME Firegun"
489,"MDW-XXS450ME Firegun"
490,"MDW-XXS460ME Firegun"
491,"MDS-S120SA M-Missile"
492,"MDS-S130SA M-Missile"
493,"MDS-S140SA M-Missile"
494,"MDS-S150SA M-Missile"
495,"MDS-S160SA M-Missile"
496,"MDS-XS120SA M-Missile"
497,"MDS-XS130SA M-Missile"
498,"MDS-XS140SA M-Missile"
499,"MDS-XS150SA M-Missile"
500,"MDS-XS160SA M-Missile"
501,"MDS-XXS120SA M-Missile"
502,"MDS-XXS130SA M-Missile"
503,"MDS-XXS140SA M-Missile"
504,"MDS-XXS150SA M-Missile"
505,"MDS-XXS160SA M-Missile"
506,"MDS-S220SA HB-Missile"
507,"MDS-S230SA HB-Missile"
508,"MDS-S240SA HB-Missile"
509,"MDS-S250SA HB-Missile"
510,"MDS-S260SA HB-Missile"
511,"MDS-XS220SA HB-Missile"
512,"MDS-XS230SA HB-Missile"
513,"MDS-XS240SA HB-Missile"
514,"MDS-XS250SA HB-Missile"
515,"MDS-XS260SA HB-Missile"
516,"MDS-XXS220SA HB-Missile"
517,"MDS-XXS230SA HB-Missile"
518,"MDS-XXS240SA HB-Missile"
519,"MDS-XXS250SA HB-Missile"
520,"MDS-XXS260SA HB-Missile"
521,"MDS-S220SA F-Grenade"
522,"MDS-S230SA F-Grenade"
523,"MDS-S240SA F-Grenade"
524,"MDS-S250SA F-Grenade"
525,"MDS-S260SA F-Grenade"
526,"MDS-XS220SA F-Grenade"
527,"MDS-XS230SA F-Grenade"
528,"MDS-XS240SA F-Grenade"
529,"MDS-XS250SA F-Grenade"
530,"MDS-XS260SA F-Grenade"
531,"MDS-XXS220SA F-Grenade"
532,"MDS-XXS230SA F-Grenade"
533,"MDS-XXS240SA F-Grenade"
534,"MDS-XXS250SA F-Grenade"
535,"MDS-XXS260SA F-Grenade"
536,"MDS-S320SA SHD-Gatling"
537,"MDS-S330SA SHD-Gatling"
538,"MDS-S340SA SHD-Gatling"
539,"MDS-S350SA SHD-Gatling"
540,"MDS-S360SA SHD-Gatling"
541,"MDS-XS320SA SHD-Gatling"
542,"MDS-XS330SA SHD-Gatling"
543,"MDS-XS340SA SHD-Gatling"
544,"MDS-XS350SA SHD-Gatling"
545,"MDS-XS360SA SHD-Gatling"
546,"MDS-XXS320SA SHD-Gatling"
547,"MDS-XXS330SA SHD-Gatling"
548,"MDS-XXS340SA SHD-Gatling"
549,"MDS-XXS350SA SHD-Gatling"
550,"MDS-XXS360SA SHD-Gatling"
551,"MDS-S420SA SHD-Ray"
552,"MDS-S430SA SHD-Ray"
553,"MDS-S440SA SHD-Ray"
554,"MDS-S450SA SHD-Ray"
555,"MDS-S460SA SHD-Ray"
556,"MDS-XS420SA SHD-Ray"
557,"MDS-XS430SA SHD-Ray"
558,"MDS-XS440SA SHD-Ray"
559,"MDS-XS450SA SHD-Ray"
560,"MDS-XS460SA SHD-Ray"
561,"MDS-XXS420SA SHD-Ray"
562,"MDS-XXS430SA SHD-Ray"
563,"MDS-XXS440SA SHD-Ray"
564,"MDS-XXS450SA SHD-Ray"
565,"MDS-XXS460SA SHD-Ray"
566,"MDS-S520SA Chaingun"
567,"MDS-S530SA Chaingun"
568,"MDS-S540SA Chaingun"
569,"MDS-S550SA Chaingun"
570,"MDS-S560SA Chaingun"
571,"MDS-XS520SA Chaingun"
572,"MDS-XS530SA Chaingun"
573,"MDS-XS540SA Chaingun"
574,"MDS-XS550SA Chaingun"
575,"MDS-XS560SA Chaingun"
576,"MDS-XXS520SA Chaingun"
577,"MDS-XXS530SA Chaingun"
578,"MDS-XXS540SA Chaingun"
579,"MDS-XXS550SA Chaingun"
580,"MDS-XXS560SA Chaingun"
581,"MDS-FX120SA G-Buster"
582,"MDS-FX130SA G-Buster"
583,"MDS-FX140SA G-Buster"
584,"MDS-FX150SA G-Buster"
585,"MDS-FX160SA G-Buster"
586,"MDS-XFX120SA G-Buster"
587,"MDS-XFX130SA G-Buster"
588,"MDS-XFX140SA G-Buster"
589,"MDS-XFX150SA G-Buster"
590,"MDS-XFX160SA G-Buster"
591,"MDS-XXFX120SA G-Buster"
592,"MDS-XXFX130SA G-Buster"
593,"MDS-XXFX140SA G-Buster"
594,"MDS-XXFX150SA G-Buster"
595,"MDS-XXFX160SA G-Buster"
596,"MDS-FX130SA G2-Buster"
597,"MDS-FX140SA G2-Buster"
598,"MDS-FX150SA G2-Buster"
599,"MDS-FX160SA G2-Buster"
600,"MDS-XFX130SA G2-Buster"
601,"MDS-XFX140SA G2-Buster"
602,"MDS-XFX150SA G2-Buster"
603,"MDS-XFX160SA G2-Buster"
604,"MDS-XXFX130SA G2-Buster"
605,"MDS-XXFX140SA G2-Buster"
606,"MDS-XXFX150SA G2-Buster"
607,"MDS-XXFX160SA G2-Buster"
608,"MDS-FX220SA E-Scythe"
609,"MDS-FX230SA E-Scythe"
610,"MDS-FX240SA E-Scythe"
611,"MDS-FX250SA E-Scythe"
612,"MDS-FX260SA E-Scythe"
613,"MDS-XFX220SA E-Scythe"
614,"MDS-XFX230SA E-Scythe"
615,"MDS-XFX240SA E-Scythe"
616,"MDS-XFX250SA E-Scythe"
617,"MDS-XFX260SA E-Scythe"
618,"MDS-XXFX220SA E-Scythe"
619,"MDS-XXFX230SA E-Scythe"
620,"MDS-XXFX240SA E-Scythe"
621,"MDS-XXFX250SA E-Scythe"
622,"MDS-XXFX260SA E-Scythe"
623,"MDS-SX320SA F-Rifle"
624,"MDS-SX330SA F-Rifle"
625,"MDS-SX340SA F-Rifle"
626,"MDS-SX350SA F-Rifle"
627,"MDS-SX360SA F-Rifle"
628,"MDS-XSX320SA F-Rifle"
629,"MDS-XSX330SA F-Rifle"
630,"MDS-XSX340SA F-Rifle"
631,"MDS-XSX350SA F-Rifle"
632,"MDS-XSX360SA F-Rifle"
633,"MDS-XXSX320SA F-Rifle"
634,"MDS-XXSX330SA F-Rifle"
635,"MDS-XXSX340SA F-Rifle"
636,"MDS-XXSX350SA F-Rifle"
637,"MDS-XXSX360SA F-Rifle"
638,"MDS-SX320SA F2-Rifle"
639,"MDS-SX330SA F2-Rifle"
640,"MDS-SX340SA F2-Rifle"
641,"MDS-SX350SA F2-Rifle"
642,"MDS-SX360SA F2-Rifle"
643,"MDS-XSX320SA F2-Rifle"
644,"MDS-XSX330SA F2-Rifle"
645,"MDS-XSX340SA F2-Rifle"
646,"MDS-XSX350SA F2-Rifle"
647,"MDS-XSX360SA F2-Rifle"
648,"MDS-XXSX320SA F2-Rifle"
649,"MDS-XXSX330SA F2-Rifle"
650,"MDS-XXSX340SA F2-Rifle"
651,"MDS-XXSX350SA F2-Rifle"
652,"MDS-XXSX360SA F2-Rifle"
653,"MDS-SX420SA B-Gatling"
654,"MDS-SX430SA B-Gatling"
655,"MDS-SX440SA B-Gatling"
656,"MDS-SX450SA B-Gatling"
657,"MDS-SX460SA B-Gatling"
658,"MDS-XSX420SA B-Gatling"
659,"MDS-XSX430SA B-Gatling"
660,"MDS-XSX440SA B-Gatling"
661,"MDS-XSX450SA B-Gatling"
662,"MDS-XSX460SA B-Gatling"
663,"MDS-XXSX420SA B-Gatling"
664,"MDS-XXSX430SA B-Gatling"
665,"MDS-XXSX440SA B-Gatling"
666,"MDS-XXSX450SA B-Gatling"
667,"MDS-XXSX460SA B-Gatling"
668,"MDS-SX430SA B2-Gatling"
669,"MDS-SX440SA B2-Gatling"
670,"MDS-SX450SA B2-Gatling"
671,"MDS-SX460SA B2-Gatling"
672,"MDS-XSX430SA B2-Gatling"
673,"MDS-XSX440SA B2-Gatling"
674,"MDS-XSX450SA B2-Gatling"
675,"MDS-XSX460SA B2-Gatling"
676,"MDS-XXSX430SA B2-Gatling"
677,"MDS-XXSX440SA B2-Gatling"
678,"MDS-XXSX450SA B2-Gatling"
679,"MDS-XXSX460SA B2-Gatling"
680,"MDS-SX520SA M-Sniper"
681,"MDS-SX530SA M-Sniper"
682,"MDS-SX540SA M-Sniper"
683,"MDS-SX550SA M-Sniper"
684,"MDS-SX560SA M-Sniper"
685,"MDS-XSX520SA M-XSniper"
686,"MDS-XSX530SA M-XSniper"
687,"MDS-XSX540SA M-XSniper"
688,"MDS-XSX550SA M-XSniper"
689,"MDS-XSX560SA M-XSniper"
690,"MDS-XXSX520SA M-XXSniper"
691,"MDS-XXSX530SA M-XXSniper"
692,"MDS-XXSX540SA M-XXSniper"
693,"MDS-XXSX550SA M-XXSniper"
694,"MDS-XXSX560SA M-XXSniper"
695,"MDS-S120GG M-Missile"
696,"MDS-S130GG M-Missile"
697,"MDS-S140GG M-Missile"
698,"MDS-S150GG M-Missile"
699,"MDS-S160GG M-Missile"
700,"MDS-XS120GG M-Missile"
701,"MDS-XS130GG M-Missile"
702,"MDS-XS140GG M-Missile"
703,"MDS-XS150GG M-Missile"
704,"MDS-XS160GG M-Missile"
705,"MDS-XXS120GG M-Missile"
706,"MDS-XXS130GG M-Missile"
707,"MDS-XXS140GG M-Missile"
708,"MDS-XXS150GG M-Missile"
709,"MDS-XXS160GG M-Missile"
710,"MDS-S220GG Voltstorm"
711,"MDS-S230GG Voltstorm"
712,"MDS-S240GG Voltstorm"
713,"MDS-S250GG Voltstorm"
714,"MDS-S260GG Voltstorm"
715,"MDS-XS220GG Voltstorm"
716,"MDS-XS230GG Voltstorm"
717,"MDS-XS240GG Voltstorm"
718,"MDS-XS250GG Voltstorm"
719,"MDS-XS260GG Voltstorm"
720,"MDS-XXS220GG Voltstorm"
721,"MDS-XXS230GG Voltstorm"
722,"MDS-XXS240GG Voltstorm"
723,"MDS-XXS250GG Voltstorm"
724,"MDS-XXS260GG Voltstorm"
725,"MDS-S320GG SHD-Gravity"
726,"MDS-S330GG SHD-Gravity"
727,"MDS-S340GG SHD-Gravity"
728,"MDS-S350GG SHD-Gravity"
729,"MDS-S360GG SHD-Gravity"
730,"MDS-XS320GG SHD-Gravity"
731,"MDS-XS330GG SHD-Gravity"
732,"MDS-XS340GG SHD-Gravity"
733,"MDS-XS350GG SHD-Gravity"
734,"MDS-XS360GG SHD-Gravity"
735,"MDS-XXS320GG SHD-Gravity"
736,"MDS-XXS330GG SHD-Gravity"
737,"MDS-XXS340GG SHD-Gravity"
738,"MDS-XXS350GG SHD-Gravity"
739,"MDS-XXS360GG SHD-Gravity"
740,"MDS-S420GG Antipulser"
741,"MDS-S430GG Antipulser"
742,"MDS-S440GG Antipulser"
743,"MDS-S450GG Antipulser"
744,"MDS-S460GG Antipulser"
745,"MDS-XS420GG Antipulser"
746,"MDS-XS430GG Antipulser"
747,"MDS-XS440GG Antipulser"
748,"MDS-XS450GG Antipulser"
749,"MDS-XS460GG Antipulser"
750,"MDS-XXS420GG Antipulser"
751,"MDS-XXS430GG Antipulser"
752,"MDS-XXS440GG Antipulser"
753,"MDS-XXS450GG Antipulser"
754,"MDS-XXS460GG Antipulser"
755,"MDS-S421GG Antipulser"
756,"MDS-S431GG Antipulser"
757,"MDS-S441GG Antipulser"
758,"MDS-S451GG Antipulser"
759,"MDS-S461GG Antipulser"
760,"MDS-XS421GG Antipulser"
761,"MDS-XS431GG Antipulser"
762,"MDS-XS441GG Antipulser"
763,"MDS-XS451GG Antipulser"
764,"MDS-XS461GG Antipulser"
765,"MDS-XXS421GG Antipulser"
766,"MDS-XXS431GG Antipulser"
767,"MDS-XXS441GG Antipulser"
768,"MDS-XXS451GG Antipulser"
769,"MDS-XXS461GG Antipulser"
770,"MDS-S530GG Flap"
771,"MDS-S540GG Flap"
772,"MDS-S550GG Flap"
773,"MDS-S560GG Flap"
774,"MDS-XS530GG Flap"
775,"MDS-XS540GG Flap"
776,"MDS-XS550GG Flap"
777,"MDS-XS560GG Flap"
778,"MDS-XXS530GG Flap"
779,"MDS-XXS540GG Flap"
780,"MDS-XXS550GG Flap"
781,"MDS-XXS560GG Flap"
782,"MDS-S130ME M-Missile"
783,"MDS-S140ME M-Missile"
784,"MDS-S150ME M-Missile"
785,"MDS-S160ME M-Missile"
786,"MDS-XS130ME M-Missile"
787,"MDS-XS140ME M-Missile"
788,"MDS-XS150ME M-Missile"
789,"MDS-XS160ME M-Missile"
790,"MDS-XXS130ME M-Missile"
791,"MDS-XXS140ME M-Missile"
792,"MDS-XXS150ME M-Missile"
793,"MDS-XXS160ME M-Missile"
794,"MDS-S220ME Widebeam"
795,"MDS-S230ME Widebeam"
796,"MDS-S240ME Widebeam"
797,"MDS-S250ME Widebeam"
798,"MDS-S260ME Widebeam"
799,"MDS-XS220ME Widebeam"
800,"MDS-XS230ME Widebeam"
801,"MDS-XS240ME Widebeam"
802,"MDS-XS250ME Widebeam"
803,"MDS-XS260ME Widebeam"
804,"MDS-XXS220ME Widebeam"
805,"MDS-XXS230ME Widebeam"
806,"MDS-XXS240ME Widebeam"
807,"MDS-XXS250ME Widebeam"
808,"MDS-XXS260ME Widebeam"
809,"MDS-S320ME SHD-Missile"
810,"MDS-S330ME SHD-Missile"
811,"MDS-S340ME SHD-Missile"
812,"MDS-S350ME SHD-Missile"
813,"MDS-S360ME SHD-Missile"
814,"MDS-XS320ME SHD-Missile"
815,"MDS-XS330ME SHD-Missile"
816,"MDS-XS340ME SHD-Missile"
817,"MDS-XS350ME SHD-Missile"
818,"MDS-XS360ME SHD-Missile"
819,"MDS-XXS320ME SHD-Missile"
820,"MDS-XXS330ME SHD-Missile"
821,"MDS-XXS340ME SHD-Missile"
822,"MDS-XXS350ME SHD-Missile"
823,"MDS-XXS360ME SHD-Missile"
824,"MDS-F120ME Heathorn"
825,"MDS-F130ME Heathorn"
826,"MDS-F140ME Heathorn"
827,"MDS-F150ME Heathorn"
828,"MDS-F160ME Heathorn"
829,"MDS-XF120ME Heathorn"
830,"MDS-XF130ME Heathorn"
831,"MDS-XF140ME Heathorn"
832,"MDS-XF150ME Heathorn"
833,"MDS-XF160ME Heathorn"
834,"MDS-XXF120ME Heathorn"
835,"MDS-XXF130ME Heathorn"
836,"MDS-XXF140ME Heathorn"
837,"MDS-XXF150ME Heathorn"
838,"MDS-XXF160ME Heathorn"
839,"MDB-S120SA Railgun"
840,"MDB-S130SA Railgun"
841,"MDB-S140SA Railgun"
842,"MDB-S150SA Railgun"
843,"MDB-S160SA Railgun"
844,"MDB-XS120SA Railgun"
845,"MDB-XS130SA Railgun"
846,"MDB-XS140SA Railgun"
847,"MDB-XS150SA Railgun"
848,"MDB-XS160SA Railgun"
849,"MDB-XXS120SA Railgun"
850,"MDB-XXS130SA Railgun"
851,"MDB-XXS140SA Railgun"
852,"MDB-XXS150SA Railgun"
853,"MDB-XXS160SA Railgun"
854,"MDB-S220SA S-Missile"
855,"MDB-S230SA S-Missile"
856,"MDB-S240SA S-Missile"
857,"MDB-S250SA S-Missile"
858,"MDB-S260SA S-Missile"
859,"MDB-XS220SA S-Missile"
860,"MDB-XS230SA S-Missile"
861,"MDB-XS240SA S-Missile"
862,"MDB-XS250SA S-Missile"
863,"MDB-XS260SA S-Missile"
864,"MDB-XXS220SA S-Missile"
865,"MDB-XXS230SA S-Missile"
866,"MDB-XXS240SA S-Missile"
867,"MDB-XXS250SA S-Missile"
868,"MDB-XXS260SA S-Missile"
869,"MDB-S320SA Voltnet"
870,"MDB-S330SA Voltnet"
871,"MDB-S340SA Voltnet"
872,"MDB-S350SA Voltnet"
873,"MDB-S360SA Voltnet"
874,"MDB-XS320SA Voltnet"
875,"MDB-XS330SA Voltnet"
876,"MDB-XS340SA Voltnet"
877,"MDB-XS350SA Voltnet"
878,"MDB-XS360SA Voltnet"
879,"MDB-XXS320SA Voltnet"
880,"MDB-XXS330SA Voltnet"
881,"MDB-XXS340SA Voltnet"
882,"MDB-XXS350SA Voltnet"
883,"MDB-XXS360SA Voltnet"
884,"MDB-S420SA Grenade"
885,"MDB-S430SA Grenade"
886,"MDB-S440SA Grenade"
887,"MDB-S450SA Grenade"
888,"MDB-S460SA Grenade"
889,"MDB-XS420SA Grenade"
890,"MDB-XS430SA Grenade"
891,"MDB-XS440SA Grenade"
892,"MDB-XS450SA Grenade"
893,"MDB-XS460SA Grenade"
894,"MDB-XXS420SA Grenade"
895,"MDB-XXS430SA Grenade"
896,"MDB-XXS440SA Grenade"
897,"MDB-XXS450SA Grenade"
898,"MDB-XXS460SA Grenade"
899,"MDB-F120SA Buster"
900,"MDB-F130SA Buster"
901,"MDB-F140SA Buster"
902,"MDB-F150SA Buster"
903,"MDB-F160SA Buster"
904,"MDB-XF120SA Buster"
905,"MDB-XF130SA Buster"
906,"MDB-XF140SA Buster"
907,"MDB-XF150SA Buster"
908,"MDB-XF160SA Buster"
909,"MDB-XXF120SA Buster"
910,"MDB-XXF130SA Buster"
911,"MDB-XXF140SA Buster"
912,"MDB-XXF150SA Buster"
913,"MDB-XXF160SA Buster"
914,""
915,"MDB-S520SA Hyper-Rail"
916,"MDB-S530SA Hyper-Rail"
917,"MDB-S540SA Hyper-Rail"
918,"MDB-S550SA Hyper-Rail"
919,"MDB-S560SA Hyper-Rail"
920,"MDB-XS520SA Hyper-Rail"
921,"MDB-XS530SA Hyper-Rail"
922,"MDB-XS540SA Hyper-Rail"
923,"MDB-XS550SA Hyper-Rail"
924,"MDB-XS560SA Hyper-Rail"
925,"MDB-XXS520SA Hyper-Rail"
926,"MDB-XXS530SA Hyper-Rail"
927,"MDB-XXS540SA Hyper-Rail"
928,"MDB-XXS550SA Hyper-Rail"
929,"MDB-XXS560SA Hyper-Rail"
930,"MDB-S620SA Buster-Launcher"
931,"MDB-S630SA Buster-Launcher"
932,"MDB-S640SA Buster-Launcher"
933,"MDB-S650SA Buster-Launcher"
934,"MDB-S660SA Buster-Launcher"
935,"MDB-XS620SA Buster-Launcher"
936,"MDB-XS630SA Buster-Launcher"
937,"MDB-XS640SA Buster-Launcher"
938,"MDB-XS650SA Buster-Launcher"
939,"MDB-XS660SA Buster-Launcher"
940,"MDB-XXS620SA Buster-Launcher"
941,"MDB-XXS630SA Buster-Launcher"
942,"MDB-XXS640SA Buster-Launcher"
943,"MDB-XXS650SA Buster-Launcher"
944,"MDB-XXS660SA Buster-Launcher"
945,"MDB-S720SA L-Missile"
946,"MDB-S730SA L-Missile"
947,"MDB-S740SA L-Missile"
948,"MDB-S750SA L-Missile"
949,"MDB-S760SA L-Missile"
950,"MDB-XS720SA L-Missile"
951,"MDB-XS730SA L-Missile"
952,"MDB-XS740SA L-Missile"
953,"MDB-XS750SA L-Missile"
954,"MDB-XS760SA L-Missile"
955,"MDB-XXS720SA L-Missile"
956,"MDB-XXS730SA L-Missile"
957,"MDB-XXS740SA L-Missile"
958,"MDB-XXS750SA L-Missile"
959,"MDB-XXS760SA L-Missile"
960,"MDB-S720SA F-Wave"
961,"MDB-S730SA F-Wave"
962,"MDB-S740SA F-Wave"
963,"MDB-S750SA F-Wave"
964,"MDB-S760SA F-Wave"
965,"MDB-XS720SA F-Wave"
966,"MDB-XS730SA F-Wave"
967,"MDB-XS740SA F-Wave"
968,"MDB-XS750SA F-Wave"
969,"MDB-XS760SA F-Wave"
970,"MDB-XXS720SA F-Wave"
971,"MDB-XXS730SA F-Wave"
972,"MDB-XXS740SA F-Wave"
973,"MDB-XXS750SA F-Wave"
974,"MDB-XXS760SA F-Wave"
975,"MDB-S120GG P-Cannon"
976,"MDB-S130GG P-Cannon"
977,"MDB-S140GG P-Cannon"
978,"MDB-S150GG P-Cannon"
979,"MDB-S160GG P-Cannon"
980,"MDB-XS120GG P-Cannon"
981,"MDB-XS130GG P-Cannon"
982,"MDB-XS140GG P-Cannon"
983,"MDB-XS150GG P-Cannon"
984,"MDB-XS160GG P-Cannon"
985,"MDB-XXS120GG P-Cannon"
986,"MDB-XXS130GG P-Cannon"
987,"MDB-XXS140GG P-Cannon"
988,"MDB-XXS150GG P-Cannon"
989,"MDB-XXS160GG P-Cannon"
990,"MDB-S220GG Lasergun"
991,"MDB-S230GG Lasergun"
992,"MDB-S240GG Lasergun"
993,"MDB-S250GG Lasergun"
994,"MDB-S260GG Lasergun"
995,"MDB-XS220GG Lasergun"
996,"MDB-XS230GG Lasergun"
997,"MDB-XS240GG Lasergun"
998,"MDB-XS250GG Lasergun"
999,"MDB-XS260GG Lasergun"
1000,"MDB-XXS220GG Lasergun"
1001,"MDB-XXS230GG Lasergun"
1002,"MDB-XXS240GG Lasergun"
1003,"MDB-XXS250GG Lasergun"
1004,"MDB-XXS260GG Lasergun"
1005,"MDB-S320GG H-Arrow"
1006,"MDB-S330GG H-Arrow"
1007,"MDB-S340GG H-Arrow"
1008,"MDB-S350GG H-Arrow"
1009,"MDB-S360GG H-Arrow"
1010,"MDB-XS320GG H-Arrow"
1011,"MDB-XS330GG H-Arrow"
1012,"MDB-XS340GG H-Arrow"
1013,"MDB-XS350GG H-Arrow"
1014,"MDB-XS360GG H-Arrow"
1015,"MDB-XXS320GG H-Arrow"
1016,"MDB-XXS330GG H-Arrow"
1017,"MDB-XXS340GG H-Arrow"
1018,"MDB-XXS350GG H-Arrow"
1019,"MDB-XXS360GG H-Arrow"
1020,"MDB-F120GG Javelin"
1021,"MDB-F130GG Javelin"
1022,"MDB-F140GG Javelin"
1023,"MDB-F150GG Javelin"
1024,"MDB-F160GG Javelin"
1025,"MDB-XF120GG Javelin"
1026,"MDB-XF130GG Javelin"
1027,"MDB-XF140GG Javelin"
1028,"MDB-XF150GG Javelin"
1029,"MDB-XF160GG Javelin"
1030,"MDB-XXF120GG Javelin"
1031,"MDB-XXF130GG Javelin"
1032,"MDB-XXF140GG Javelin"
1033,"MDB-XXF150GG Javelin"
1034,"MDB-XXF160GG Javelin"
1035,"MDB-S420GG Phoenix"
1036,"MDB-S430GG Phoenix"
1037,"MDB-S440GG Phoenix"
1038,"MDB-S450GG Phoenix"
1039,"MDB-S460GG Phoenix"
1040,"MDB-XS420GG Phoenix"
1041,"MDB-XS430GG Phoenix"
1042,"MDB-XS440GG Phoenix"
1043,"MDB-XS450GG Phoenix"
1044,"MDB-XS460GG Phoenix"
1045,"MDB-XXS420GG Phoenix"
1046,"MDB-XXS430GG Phoenix"
1047,"MDB-XXS440GG Phoenix"
1048,"MDB-XXS450GG Phoenix"
1049,"MDB-XXS460GG Phoenix"
1050,"MDB-S530GG F-Wave"
1051,"MDB-S540GG F-Wave"
1052,"MDB-S550GG F-Wave"
1053,"MDB-S560GG F-Wave"
1054,"MDB-XS530GG F-Wave"
1055,"MDB-XS540GG F-Wave"
1056,"MDB-XS550GG F-Wave"
1057,"MDB-XS560GG F-Wave"
1058,"MDB-XXS530GG F-Wave"
1059,"MDB-XXS540GG F-Wave"
1060,"MDB-XXS550GG F-Wave"
1061,"MDB-XXS560GG F-Wave"
1062,"MDB-S531GG F-Wave"
1063,"MDB-S541GG F-Wave"
1064,"MDB-S551GG F-Wave"
1065,"MDB-S561GG F-Wave"
1066,"MDB-XS531GG F-Wave"
1067,"MDB-XS541GG F-Wave"
1068,"MDB-XS551GG F-Wave"
1069,"MDB-XS561GG F-Wave"
1070,"MDB-XXS531GG F-Wave"
1071,"MDB-XXS541GG F-Wave"
1072,"MDB-XXS551GG F-Wave"
1073,"MDB-XXS561GG F-Wave"
1074,"MDB-S120ME B-Gatling"
1075,"MDB-S130ME B-Gatling"
1076,"MDB-S140ME B-Gatling"
1077,"MDB-S150ME B-Gatling"
1078,"MDB-S160ME B-Gatling"
1079,"MDB-XS120ME B-Gatling"
1080,"MDB-XS130ME B-Gatling"
1081,"MDB-XS140ME B-Gatling"
1082,"MDB-XS150ME B-Gatling"
1083,"MDB-XS160ME B-Gatling"
1084,"MDB-XXS120ME B-Gatling"
1085,"MDB-XXS130ME B-Gatling"
1086,"MDB-XXS140ME B-Gatling"
1087,"MDB-XXS150ME B-Gatling"
1088,"MDB-XXS160ME B-Gatling"
1089,"MDS-S120ME N-Cannon"
1090,""
1091,"MDS-S130ME N-Cannon"
1092,"MDS-S140ME N-Cannon"
1093,"MDS-S150ME N-Cannon"
1094,"MDS-S160ME N-Cannon"
1095,"MDS-XS120ME N-Cannon"
1096,"MDS-XS130ME N-Cannon"
1097,"MDS-XS140ME N-Cannon"
1098,"MDS-XS150ME N-Cannon"
1099,"MDS-XS160ME N-Cannon"
1100,"MDS-XXS120ME N-Cannon"
1101,"MDS-XXS130ME N-Cannon"
1102,"MDS-XXS140ME N-Cannon"
1103,"MDS-XXS150ME N-Cannon"
1104,"MDS-XXS160ME N-Cannon"
1105,"MDB-S220ME S-Missile"
1106,"MDB-S230ME S-Missile"
1107,"MDB-S240ME S-Missile"
1108,"MDB-S250ME S-Missile"
1109,"MDB-S260ME S-Missile"
1110,"MDB-XS220ME S-Missile"
1111,"MDB-XS230ME S-Missile"
1112,"MDB-XS240ME S-Missile"
1113,"MDB-XS250ME S-Missile"
1114,"MDB-XS260ME S-Missile"
1115,"MDB-XXS220ME S-Missile"
1116,"MDB-XXS230ME S-Missile"
1117,"MDB-XXS240ME S-Missile"
1118,"MDB-XXS250ME S-Missile"
1119,"MDB-XXS260ME S-Missile"
1120,"MDB-S420ME Backbom"
1121,"MDB-S430ME Backbom"
1122,"MDB-S440ME Backbom"
1123,"MDB-S450ME Backbom"
1124,"MDB-S460ME Backbom"
1125,"MDB-XS420ME Backbom"
1126,"MDB-XS430ME Backbom"
1127,"MDB-XS440ME Backbom"
1128,"MDB-XS450ME Backbom"
1129,"MDB-XS460ME Backbom"
1130,"MDB-XXS420ME Backbom"
1131,"MDB-XXS430ME Backbom"
1132,"MDB-XXS440ME Backbom"
1133,"MDB-XXS450ME Backbom"
1134,"MDB-XXS460ME Backbom"
1135,"MDB-F120ME Dragon"
1136,"MDB-F130ME Dragon"
1137,"MDB-F140ME Dragon"
1138,"MDB-F150ME Dragon"
1139,"MDB-F160ME Dragon"
1140,"MDB-XF120ME Dragon"
1141,"MDB-XF130ME Dragon"
1142,"MDB-XF140ME Dragon"
1143,"MDB-XF150ME Dragon"
1144,"MDB-XF160ME Dragon"
1145,"MDB-XXF120ME Dragon"
1146,"MDB-XXF130ME Dragon"
1147,"MDB-XXF140ME Dragon"
1148,"MDB-XXF150ME Dragon"
1149,"MDB-XXF160ME Dragon"
1150,"MDB-F220ME W-Crusher"
1151,"MDB-F230ME W-Crusher"
1152,"MDB-F240ME W-Crusher"
1153,"MDB-F250ME W-Crusher"
1154,"MDB-F260ME W-Crusher"
1155,"MDB-XF220ME W-Crusher"
1156,"MDB-XF230ME W-Crusher"
1157,"MDB-XF240ME W-Crusher"
1158,"MDB-XF250ME W-Crusher"
1159,"MDB-XF260ME W-Crusher"
1160,"MDB-XXF220ME W-Crusher"
1161,"MDB-XXF230ME W-Crusher"
1162,"MDB-XXF240ME W-Crusher"
1163,"MDB-XXF250ME W-Crusher"
1164,"MDB-XXF260ME W-Crusher"
1165,"MDB-F320ME BB-Sword"
1166,"MDB-F330ME BB-Sword"
1167,"MDB-F340ME BB-Sword"
1168,"MDB-F350ME BB-Sword"
1169,"MDB-F360ME BB-Sword"
1170,"MDB-XF320ME BB-Sword"
1171,"MDB-XF330ME BB-Sword"
1172,"MDB-XF340ME BB-Sword"
1173,"MDB-XF350ME BB-Sword"
1174,"MDB-XF360ME BB-Sword"
1175,"MDB-XXF320ME BB-Sword"
1176,"MDB-XXF330ME BB-Sword"
1177,"MDB-XXF340ME BB-Sword"
1178,"MDB-XXF350ME BB-Sword"
1179,"MDB-XXF360ME BB-Sword"
1180,"MDB-S520ME Meteor"
1181,"MDB-S530ME Meteor"
1182,"MDB-S540ME Meteor"
1183,"MDB-S550ME Meteor"
1184,"MDB-S560ME Meteor"
1185,"MDB-XS520ME Meteor"
1186,"MDB-XS530ME Meteor"
1187,"MDB-XS540ME Meteor"
1188,"MDB-XS550ME Meteor"
1189,"MDB-XS560ME Meteor"
1190,"MDB-XXS520ME Meteor"
1191,"MDB-XXS530ME Meteor"
1192,"MDB-XXS540ME Meteor"
1193,"MDB-XXS550ME Meteor"
1194,"MDB-XXS560ME Meteor"
1195,"MDB-S620ME L-Missile"
1196,"MDB-S630ME L-Missile"
1197,"MDB-S640ME L-Missile"
1198,"MDB-S650ME L-Missile"
1199,"MDB-S660ME L-Missile"
1200,"MDB-XS620ME L-Missile"
1201,"MDB-XS630ME L-Missile"
1202,"MDB-XS640ME L-Missile"
1203,"MDB-XS650ME L-Missile"
1204,"MDB-XS660ME L-Missile"
1205,"MDB-XXS620ME L-Missile"
1206,"MDB-XXS630ME L-Missile"
1207,"MDB-XXS640ME L-Missile"
1208,"MDB-XXS650ME L-Missile"
1209,"MDB-XXS660ME L-Missile"
1210,"MDB-S720ME F-Wave"
1211,"MDB-S730ME F-Wave"
1212,"MDB-S740ME F-Wave"
1213,"MDB-S750ME F-Wave"
1214,"MDB-S760ME F-Wave"
1215,"MDB-XS720ME F-Wave"
1216,"MDB-XS730ME F-Wave"
1217,"MDB-XS740ME F-Wave"
1218,"MDB-XS750ME F-Wave"
1219,"MDB-XS760ME F-Wave"
1220,"MDB-XXS720ME F-Wave"
1221,"MDB-XXS730ME F-Wave"
1222,"MDB-XXS740ME F-Wave"
1223,"MDB-XXS750ME F-Wave"
1224,"MDB-XXS760ME F-Wave"
1225,"MDB-S721ME F-Wave"
1226,"MDB-S731ME F-Wave"
1227,"MDB-S741ME F-Wave"
1228,"MDB-S751ME F-Wave"
1229,"MDB-S761ME F-Wave"
1230,"MDB-XS721ME F-Wave"
1231,"MDB-XS731ME F-Wave"
1232,"MDB-XS741ME F-Wave"
1233,"MDB-XS751ME F-Wave"
1234,"MDB-XS761ME F-Wave"
1235,"MDB-XXS721ME F-Wave"
1236,"MDB-XXS731ME F-Wave"
1237,"MDB-XXS741ME F-Wave"
1238,"MDB-XXS751ME F-Wave"
1239,"MDB-XXS761ME F-Wave"
1240,"MDB-S722ME F-Wave"
1241,"MDB-S732ME F-Wave"
1242,"MDB-S742ME F-Wave"
1243,"MDB-S752ME F-Wave"
1244,"MDB-S762ME F-Wave"
1245,"MDB-XS722ME F-Wave"
1246,"MDB-XS732ME F-Wave"
1247,"MDB-XS742ME F-Wave"
1248,"MDB-XS752ME F-Wave"
1249,"MDB-XS762ME F-Wave"
1250,"MDB-XXS722ME F-Wave"
1251,"MDB-XXS732ME F-Wave"
1252,"MDB-XXS742ME F-Wave"
1253,"MDB-XXS752ME F-Wave"
1254,"MDB-XXS762ME F-Wave"
1255,"MDB-S723ME F-Wave"
1256,"MDB-S733ME F-Wave"
1257,"MDB-S743ME F-Wave"
1258,"MDB-S753ME F-Wave"
1259,"MDB-S763ME F-Wave"
1260,"MDB-XS723ME F-Wave"
1261,"MDB-XS733ME F-Wave"
1262,"MDB-XS743ME F-Wave"
1263,"MDB-XS753ME F-Wave"
1264,"MDB-XS763ME F-Wave"
1265,"MDB-XXS723ME F-Wave"
1266,"MDB-XXS733ME F-Wave"
1267,"MDB-XXS743ME F-Wave"
1268,"MDB-XXS753ME F-Wave"
1269,"MDB-XXS763ME F-Wave"
1270,"MDB-S724ME F-Wave"
1271,"MDB-S734ME F-Wave"
1272,"MDB-S744ME F-Wave"
1273,"MDB-S754ME F-Wave"
1274,"MDB-S764ME F-Wave"
1275,"MDB-XS724ME F-Wave"
1276,"MDB-XS734ME F-Wave"
1277,"MDB-XS744ME F-Wave"
1278,"MDB-XS754ME F-Wave"
1279,"MDB-XS764ME F-Wave"
1280,"MDB-XXS724ME F-Wave"
1281,"MDB-XXS734ME F-Wave"
1282,"MDB-XXS744ME F-Wave"
1283,"MDB-XXS754ME F-Wave"
1284,"MDB-XXS764ME F-Wave"
1285,"MDB-S725ME F-Wave"
1286,"MDB-S735ME F-Wave"
1287,"MDB-S745ME F-Wave"
1288,"MDB-S755ME F-Wave"
1289,"MDB-S765ME F-Wave"
1290,"MDB-XS725ME F-Wave"
1291,"MDB-XS735ME F-Wave"
1292,"MDB-XS745ME F-Wave"
1293,"MDB-XS755ME F-Wave"
1294,"MDB-XS765ME F-Wave"
1295,"MDB-XXS725ME F-Wave"
1296,"MDB-XXS735ME F-Wave"
1297,"MDB-XXS745ME F-Wave"
1298,"MDB-XXS755ME F-Wave"
1299,"MDB-XXS765ME F-Wave"
1300,"MDA-F120SA Shield"
1301,"MDA-F130SA Shield"
1302,"MDA-F140SA Shield"
1303,"MDA-F150SA Shield"
1304,"MDA-F160SA Shield"
1305,"MDA-XF120SA Shield"
1306,"MDA-XF130SA Shield"
1307,"MDA-XF140SA Shield"
1308,"MDA-XF150SA Shield"
1309,"MDA-XF160SA Shield"
1310,"MDA-XXF120SA Shield"
1311,"MDA-XXF130SA Shield"
1312,"MDA-XXF140SA Shield"
1313,"MDA-XXF150SA Shield"
1314,"MDA-XXF160SA Shield"
1315,"MDA-F121SA Shield"
1316,"MDA-F131SA Shield"
1317,"MDA-F141SA Shield"
1318,"MDA-F151SA Shield"
1319,"MDA-F161SA Shield"
1320,"MDA-XF121SA Shield"
1321,"MDA-XF131SA Shield"
1322,"MDA-XF141SA Shield"
1323,"MDA-XF151SA Shield"
1324,"MDA-XF161SA Shield"
1325,"MDA-XXF121SA Shield"
1326,"MDA-XXF131SA Shield"
1327,"MDA-XXF141SA Shield"
1328,"MDA-XXF151SA Shield"
1329,"MDA-XXF161SA Shield"
1330,"MDA-F122SA Shield"
1331,"MDA-F132SA Shield"
1332,"MDA-F142SA Shield"
1333,"MDA-F152SA Shield"
1334,"MDA-F162SA Shield"
1335,"MDA-XF122SA Shield"
1336,"MDA-XF132SA Shield"
1337,"MDA-XF142SA Shield"
1338,"MDA-XF152SA Shield"
1339,"MDA-XF162SA Shield"
1340,"MDA-XXF122SA Shield"
1341,"MDA-XXF132SA Shield"
1342,"MDA-XXF142SA Shield"
1343,"MDA-XXF152SA Shield"
1344,"MDA-XXF162SA Shield"
1345,"MDA-F123SA Shield"
1346,"MDA-F133SA Shield"
1347,"MDA-F143SA Shield"
1348,"MDA-F153SA Shield"
1349,"MDA-F163SA Shield"
1350,"MDA-XF123SA Shield"
1351,"MDA-XF133SA Shield"
1352,"MDA-XF143SA Shield"
1353,"MDA-XF153SA Shield"
1354,"MDA-XF163SA Shield"
1355,"MDA-XXF123SA Shield"
1356,"MDA-XXF133SA Shield"
1357,"MDA-XXF143SA Shield"
1358,"MDA-XXF153SA Shield"
1359,"MDA-XXF163SA Shield"
1360,"MDA-F124SA Shield"
1361,"MDA-F134SA Shield"
1362,"MDA-F144SA Shield"
1363,"MDA-F154SA Shield"
1364,"MDA-F164SA Shield"
1365,"MDA-XF124SA Shield"
1366,"MDA-XF134SA Shield"
1367,"MDA-XF144SA Shield"
1368,"MDA-XF154SA Shield"
1369,"MDA-XF164SA Shield"
1370,"MDA-XXF124SA Shield"
1371,"MDA-XXF134SA Shield"
1372,"MDA-XXF144SA Shield"
1373,"MDA-XXF154SA Shield"
1374,"MDA-XXF164SA Shield"
1375,"MDA-F125SA Shield"
1376,"MDA-F135SA Shield"
1377,"MDA-F145SA Shield"
1378,"MDA-F155SA Shield"
1379,"MDA-F165SA Shield"
1380,"MDA-XF125SA Shield"
1381,"MDA-XF135SA Shield"
1382,"MDA-XF145SA Shield"
1383,"MDA-XF155SA Shield"
1384,"MDA-XF165SA Shield"
1385,"MDA-XXF125SA Shield"
1386,"MDA-XXF135SA Shield"
1387,"MDA-XXF145SA Shield"
1388,"MDA-XXF155SA Shield"
1389,"MDA-XXF165SA Shield"
1390,"MDA-S120SA Minigun"
1391,"MDA-S130SA Minigun"
1392,"MDA-S140SA Minigun"
1393,"MDA-S150SA Minigun"
1394,"MDA-S160SA Minigun"
1395,"MDA-XS120SA Minigun"
1396,"MDA-XS130SA Minigun"
1397,"MDA-XS140SA Minigun"
1398,"MDA-XS150SA Minigun"
1399,"MDA-XS160SA Minigun"
1400,"MDA-XXS120SA Minigun"
1401,"MDA-XXS130SA Minigun"
1402,"MDA-XXS140SA Minigun"
1403,"MDA-XXS150SA Minigun"
1404,"MDA-XXS160SA Minigun"
1405,"MDA-F110ME Beam-Shield"
1406,"MDA-F120ME Beam-Shield"
1407,"MDA-F130ME Beam-Shield"
1408,"MDA-F140ME Beam-Shield"
1409,"MDA-F150ME Beam-Shield"
1410,"MDA-XF110ME Beam-Shield"
1411,"MDA-XF120ME Beam-Shield"
1412,"MDA-XF130ME Beam-Shield"
1413,"MDA-XF140ME Beam-Shield"
1414,"MDA-XF150ME Beam-Shield"
1415,"MDA-XXF110ME Beam-Shield"
1416,"MDA-XXF120ME Beam-Shield"
1417,"MDA-XXF130ME Beam-Shield"
1418,"MDA-XXF140ME Beam-Shield"
1419,"MDA-XXF150ME Beam-Shield"
1420,"MDA-F111ME Beam-Shield"
1421,"MDA-F121ME Beam-Shield"
1422,"MDA-F131ME Beam-Shield"
1423,"MDA-F141ME Beam-Shield"
1424,"MDA-F151ME Beam-Shield"
1425,"MDA-XF111ME Beam-Shield"
1426,"MDA-XF121ME Beam-Shield"
1427,"MDA-XF131ME Beam-Shield"
1428,"MDA-XF141ME Beam-Shield"
1429,"MDA-XF151ME Beam-Shield"
1430,"MDA-XXF111ME Beam-Shield"
1431,"MDA-XXF121ME Beam-Shield"
1432,"MDA-XXF131ME Beam-Shield"
1433,"MDA-XXF141ME Beam-Shield"
1434,"MDA-XXF151ME Beam-Shield"
1435,"MDA-F112ME Beam-Shield"
1436,"MDA-F122ME Beam-Shield"
1437,"MDA-F132ME Beam-Shield"
1438,"MDA-F142ME Beam-Shield"
1439,"MDA-F152ME Beam-Shield"
1440,"MDA-XF112ME Beam-Shield"
1441,"MDA-XF122ME Beam-Shield"
1442,"MDA-XF132ME Beam-Shield"
1443,"MDA-XF142ME Beam-Shield"
1444,"MDA-XF152ME Beam-Shield"
1445,"MDA-XXF112ME Beam-Shield"
1446,"MDA-XXF122ME Beam-Shield"
1447,"MDA-XXF132ME Beam-Shield"
1448,"MDA-XXF142ME Beam-Shield"
1449,"MDA-XXF152ME Beam-Shield"
1450,"MDA-F113ME Beam-Shield"
1451,"MDA-F123ME Beam-Shield"
1452,"MDA-F133ME Beam-Shield"
1453,"MDA-F143ME Beam-Shield"
1454,"MDA-F153ME Beam-Shield"
1455,"MDA-XF113ME Beam-Shield"
1456,"MDA-XF123ME Beam-Shield"
1457,"MDA-XF133ME Beam-Shield"
1458,"MDA-XF143ME Beam-Shield"
1459,"MDA-XF153ME Beam-Shield"
1460,"MDA-XXF113ME Beam-Shield"
1461,"MDA-XXF123ME Beam-Shield"
1462,"MDA-XXF133ME Beam-Shield"
1463,"MDA-XXF143ME Beam-Shield"
1464,"MDA-XXF153ME Beam-Shield"
1465,"MDA-F114ME Beam-Shield"
1466,"MDA-F124ME Beam-Shield"
1467,"MDA-F134ME Beam-Shield"
1468,"MDA-F144ME Beam-Shield"
1469,"MDA-F154ME Beam-Shield"
1470,"MDA-XF114ME Beam-Shield"
1471,"MDA-XF124ME Beam-Shield"
1472,"MDA-XF134ME Beam-Shield"
1473,"MDA-XF144ME Beam-Shield"
1474,"MDA-XF154ME Beam-Shield"
1475,"MDA-XXF114ME Beam-Shield"
1476,"MDA-XXF124ME Beam-Shield"
1477,"MDA-XXF134ME Beam-Shield"
1478,"MDA-XXF144ME Beam-Shield"
1479,"MDA-XXF154ME Beam-Shield"
1480,"MDA-F115ME Beam-Shield"
1481,"MDA-F125ME Beam-Shield"
1482,"MDA-F135ME Beam-Shield"
1483,"MDA-F145ME Beam-Shield"
1484,"MDA-F155ME Beam-Shield"
1485,"MDA-XF115ME Beam-Shield"
1486,"MDA-XF125ME Beam-Shield"
1487,"MDA-XF135ME Beam-Shield"
1488,"MDA-XF145ME Beam-Shield"
1489,"MDA-XF155ME Beam-Shield"
1490,"MDA-XXF115ME Beam-Shield"
1491,"MDA-XXF125ME Beam-Shield"
1492,"MDA-XXF135ME Beam-Shield"
1493,"MDA-XXF145ME Beam-Shield"
1494,"MDA-XXF155ME Beam-Shield"
1495,"MDA-S120ME Needlegun"
1496,"MDA-S130ME Needlegun"
1497,"MDA-S140ME Needlegun"
1498,"MDA-S150ME Needlegun"
1499,"MDA-S160ME Needlegun"
1500,"MDA-XS120ME Needlegun"
1501,"MDA-XS130ME Needlegun"
1502,"MDA-XS140ME Needlegun"
1503,"MDA-XS150ME Needlegun"
1504,"MDA-XS160ME Needlegun"
1505,"MDA-XXS120ME Needlegun"
1506,"MDA-XXS130ME Needlegun"
1507,"MDA-XXS140ME Needlegun"
1508,"MDA-XXS150ME Needlegun"
1509,"MDA-XXS160ME Needlegun"
1510,"MDK-F120SA Beamsaber"
1511,"MDK-F130SA Beamsaber"
1512,"MDK-F140SA Beamsaber"
1513,"MDK-F150SA Beamsaber"
1514,"MDK-F160SA Beamsaber"
1515,"MDK-XF120SA Beamsaber"
1516,"MDK-XF130SA Beamsaber"
1517,"MDK-XF140SA Beamsaber"
1518,"MDK-XF150SA Beamsaber"
1519,"MDK-XF160SA Beamsaber"
1520,"MDK-XXF120SA Beamsaber"
1521,"MDK-XXF130SA Beamsaber"
1522,"MDK-XXF140SA Beamsaber"
1523,"MDK-XXF150SA Beamsaber"
1524,"MDK-XXF160SA Beamsaber"
1525,"MDK-F220SA V-knuckle"
1526,"MDK-F230SA V-knuckle"
1527,"MDK-F240SA V-knuckle"
1528,"MDK-F250SA V-knuckle"
1529,"MDK-F260SA V-knuckle"
1530,"MDK-XF220SA V-knuckle"
1531,"MDK-XF230SA V-knuckle"
1532,"MDK-XF240SA V-knuckle"
1533,"MDK-XF250SA V-knuckle"
1534,"MDK-XF260SA V-knuckle"
1535,"MDK-XXF220SA V-knuckle"
1536,"MDK-XXF230SA V-knuckle"
1537,"MDK-XXF240SA V-knuckle"
1538,"MDK-XXF250SA V-knuckle"
1539,"MDK-XXF260SA V-knuckle"
1540,"MDK-F120GG Ringedge"
1541,"MDK-F130GG Ringedge"
1542,"MDK-F140GG Ringedge"
1543,"MDK-F150GG Ringedge"
1544,"MDK-F160GG Ringedge"
1545,"MDK-XF120GG Ringedge"
1546,"MDK-XF130GG Ringedge"
1547,"MDK-XF140GG Ringedge"
1548,"MDK-XF150GG Ringedge"
1549,"MDK-XF160GG Ringedge"
1550,"MDK-XXF120GG Ringedge"
1551,"MDK-XXF130GG Ringedge"
1552,"MDK-XXF140GG Ringedge"
1553,"MDK-XXF150GG Ringedge"
1554,"MDK-XXF160GG Ringedge"
1555,"MDK-F120ME Falchion"
1556,"MDK-F130ME Falchion"
1557,"MDK-F140ME Falchion"
1558,"MDK-F150ME Falchion"
1559,"MDK-F160ME Falchion"
1560,"MDK-XF210ME Falchion"
1561,"MDK-XF310ME Falchion"
1562,"MDK-XF410ME Falchion"
1563,"MDK-XF510ME Falchion"
1564,"MDK-XF610ME Falchion"
1565,"MDK-XXF210ME Falchion"
1566,"MDK-XXF310ME Falchion"
1567,"MDK-XXF410ME Falchion"
1568,"MDK-XXF510ME Falchion"
1569,"MDK-XXF610ME Falchion"
1570,"MDK-F220ME Claymore"
1571,"MDK-F230ME Claymore"
1572,"MDK-F240ME Claymore"
1573,"MDK-F250ME Claymore"
1574,"MDK-F260ME Claymore"
1575,"MDK-XF220ME Claymore"
1576,"MDK-XF230ME Claymore"
1577,"MDK-XF240ME Claymore"
1578,"MDK-XF250ME Claymore"
1579,"MDK-XF260ME Claymore"
1580,"MDK-XXF220ME Claymore"
1581,"MDK-XXF230ME Claymore"
1582,"MDK-XXF240ME Claymore"
1583,"MDK-XXF250ME Claymore"
1584,"MDK-XXF260ME Claymore"
1585,"MDK-F320ME Qatar"
1586,"MDK-F330ME Qatar"
1587,"MDK-F340ME Qatar"
1588,"MDK-F350ME Qatar"
1589,"MDK-F360ME Qatar"
1590,"MDK-XF320ME Qatar"
1591,"MDK-XF330ME Qatar"
1592,"MDK-XF340ME Qatar"
1593,"MDK-XF350ME Qatar"
1594,"MDK-XF360ME Qatar"
1595,"MDK-XXF320ME Qatar"
1596,"MDK-XXF330ME Qatar"
1597,"MDK-XXF340ME Qatar"
1598,"MDK-XXF350ME Qatar"
1599,"MDK-XXF360ME Qatar"
1600,"MDK-S320SA Cracker-BM"
1601,"MDK-S330SA Cracker-BM"
1602,"MDK-S340SA Cracker-BM"
1603,"MDK-S350SA Cracker-BM"
1604,"MDK-S360SA Cracker-BM"
1605,"MDK-XS320SA Cracker-BM"
1606,"MDK-XS330SA Cracker-BM"
1607,"MDK-XS340SA Cracker-BM"
1608,"MDK-XS350SA Cracker-BM"
1609,"MDK-XS360SA Cracker-BM"
1610,"MDK-XXS320SA Cracker-BM"
1611,"MDK-XXS330SA Cracker-BM"
1612,"MDK-XXS340SA Cracker-BM"
1613,"MDK-XXS350SA Cracker-BM"
1614,"MDK-XXS360SA Cracker-BM"
1615,"MDK-S320GG Cracker-FL"
1616,"MDK-S330GG Cracker-FL"
1617,"MDK-S340GG Cracker-FL"
1618,"MDK-S350GG Cracker-FL"
1619,"MDK-S360GG Cracker-FL"
1620,"MDK-XS320GG Cracker-FL"
1621,"MDK-XS330GG Cracker-FL"
1622,"MDK-XS340GG Cracker-FL"
1623,"MDK-XS350GG Cracker-FL"
1624,"MDK-XS360GG Cracker-FL"
1625,"MDK-XXS320GG Cracker-FL"
1626,"MDK-XXS330GG Cracker-FL"
1627,"MDK-XXS340GG Cracker-FL"
1628,"MDK-XXS350GG Cracker-FL"
1629,"MDK-XXS360GG Cracker-FL"
1630,"MDK-S320ME Cracker-PD"
1631,"MDK-S330ME Cracker-PD"
1632,"MDK-S340ME Cracker-PD"
1633,"MDK-S350ME Cracker-PD"
1634,"MDK-S360ME Cracker-PD"
1635,"MDK-XS320ME Cracker-PD"
1636,"MDK-XS330ME Cracker-PD"
1637,"MDK-XS340ME Cracker-PD"
1638,"MDK-XS350ME Cracker-PD"
1639,"MDK-XS360ME Cracker-PD"
1640,"MDK-XXS320ME Cracker-PD"
1641,"MDK-XXS330ME Cracker-PD"
1642,"MDK-XXS340ME Cracker-PD"
1643,"MDK-XXS350ME Cracker-PD"
1644,"MDK-XXS360ME Cracker-PD"
1645,"MDB-USP120SA Six-Cannon"
1646,"MDB-USP140SA Six-Cannon"
1647,"MDB-USP160SA Six-Cannon"
1648,"MDB-USP180SA Six-Cannon"
1649,"MDB-USP240SA Hyper-Railgun"
1650,"MDB-USP260SA Hyper-Railgun"
1651,"MDB-USP280SA Hyper-Railgun"
1652,"MDB-USP340GG Gravity-Sword"
1653,"MDB-USP360GG Gravity-Sword"
1654,"MDB-USP380GG Gravity-Sword"
1655,"MDB-USP440ME Trident-Cannon"
1656,"MDB-USP460ME Trident-Cannon"
1657,"MDB-USP480ME Trident-Cannon"
1658,"MDS-USP540GG Howling-Flood"
1659,"MDS-USP560GG Howling-Flood"
1660,"MDS-USP580GG Howling-Flood"
1661,"MDS-USP640ME Volt-Horn"
1662,"MDS-USP660ME Volt-Horn"
1663,"MDS-USP680ME Volt-Horn"
1664,"MDB-USP740SA Graviton-Assault"
1665,"MDB-USP760SA Graviton-Assault"
1666,"MDB-USP780SA Graviton-Assault"
1667,"MDB-USP840SA Drillpile"
1668,"MDB-USP860SA Drillpile"
1669,"MDB-USP880SA Drillpile"
1670,"MDB-USP940GG Dragoon-Spear"
1671,"MDB-USP960GG Dragoon-Spear"
1672,"MDB-USP980GG Dragoon-Spear"
1673,"MDB-USP1040GG Disk-Flap"
1674,"MDB-USP1060GG Disk-Flap"
1675,"MDB-USP1080GG Disk-Flap"
1676,"MDS-USP1140SA Deus-Crusher"
1677,"MDS-USP1160SA Deus-Crusher"
1678,"MDS-USP1180SA Deus-Crusher"
1679,"MDS-USP1240ME Barrage-Cloak"
1680,"MDS-USP1260ME Barrage-Cloak"
1681,"MDS-USP1280ME Barrage-Cloak"
1682,"MDB-USP1340SA Bomb-Frail"
1683,"MDB-USP1360SA Bomb-Frail"
1684,"MDB-USP1380SA Bomb-Frail"
1685,"MDS-USP1440SA Flame-Assault"
1686,"MDS-USP1460SA Flame-Assault"
1687,"MDS-USP1480SA Flame-Assault"
1688,"ARES-DW0170 M-BLADE"
1689,"ARES-DW0190 M-BLADE"
1690,"ARES-DW0170 M-BLASTER"
1691,"ARES-DW0190 M-BLASTER"
1692,"ARES-SP0150 VAJRA"
1693,"ARES-SP0170 VAJRA"
1694,"ARES-SP0190 VAJRA"
1695,"ARES-SP0250 AGASURA"
1696,"ARES-SP0270 AGASURA"
1697,"ARES-SP0290 AGASURA"
1698,"ARES-SP0250 AVATAR"
1699,"ARES-SP0270 AVATAR"
1700,"ARES-SP0290 AVATAR"
1701,"ARES-SP0250 AGNI"
1702,"ARES-SP0270 AGNI"
1703,"ARES-SP0290 AGNI"
1704,"MDB-XS130GR V-Beam"
1705,"MDB-XS140GR V-Beam"
1706,"MDB-XS150GR V-Beam"
1707,"MDB-XS160GR V-Beam"
1708,"MDB-XS230GR T-Crow"
1709,"MDB-XS240GR T-Crow"
1710,"MDB-XS250GR T-Crow"
1711,"MDB-XS260GR T-Crow"
1712,"MDS-XS330GR H-Missile"
1713,"MDS-XS340GR H-Missile"
1714,"MDS-XS350GR H-Missile"
1715,"MDS-XS360GR H-Missile"
1716,"MDS-XS430GR G-Revolver"
1717,"MDS-XS440GR G-Revolver"
1718,"MDS-XS450GR G-Revolver"
1719,"MDS-XS460GR G-Revolver"
1720,"MDB-XS530GR R-Canon"
1721,"MDB-XS540GR R-Canon"
1722,"MDB-XS550GR R-Canon"
1723,"MDB-XS560GR R-Canon"
1724,"MDS-XS630GR Night-Cage"
1725,"MDS-XS640GR Night-Cage"
1726,"MDS-XS650GR Night-Cage"
1727,"MDS-XS660GR Night-Cage"
1728,"MDS-XS730GR M-Missile"
1729,"MDS-XS740GR M-Missile"
1730,"MDS-XS750GR M-Missile"
1731,"MDS-XS760GR M-Missile"
1732,"MDB-XS2130GR Rail-Gun"
1733,"MDB-XS2140GR Rail-Gun"
1734,"MDB-XS2150GR Rail-Gun"
1735,"MDB-XS2160GR Rail-Gun"
1736,"MDB-XS2230GR M-Laser"
1737,"MDB-XS2240GR M-Laser"
1738,"MDB-XS2250GR M-Laser"
1739,"MDB-XS2260GR M-Laser"
1740,"MDS-XS2330GR Spain-Canon"
1741,"MDS-XS2340GR Spain-Canon"
1742,"MDS-XS2350GR Spain-Canon"
1743,"MDS-XS2360GR Spain-Canon"
1744,"MDS-XS2430GR E-Bubble"
1745,"MDS-XS2440GR E-Bubble"
1746,"MDS-XS2450GR E-Bubble"
1747,"MDS-XS2460GR E-Bubble"
1748,"MDS-XS2530GR B-Bom"
1749,"MDS-XS2540GR B-Bom"
1750,"MDS-XS2550GR B-Bom"
1751,"MDS-XS2560GR B-Bom"
1752,"MDS-XS130LA L-Canon"
1753,"MDS-XS140LA L-Canon"
1754,"MDS-XS150LA L-Canon"
1755,"MDS-XS160LA L-Canon"
1756,"MDS-XS230LA F-Arrow"
1757,"MDS-XS240LA F-Arrow"
1758,"MDS-XS250LA F-Arrow"
1759,"MDS-XS260LA F-Arrow"
1760,"MDB-XS330LA A-Spear"
1761,"MDB-XS340LA A-Spear"
1762,"MDB-XS350LA A-Spear"
1763,"MDB-XS360LA A-Spear"
1764,"MDB-XS5140LA HOMURA"
1765,"MDB-XS5250LA KUROGANE"
1766,"MDS-XS5340LA OROCHI"
1767,"MDB-XS3130LA SENJU"
1768,"MDB-XS3150 DARKGOD"
1769,"MDW-XF5530GR HEAT-EDGE"
1770,"MDW-XF8130XX WHITE-ROD"
1771,"MDW-XF8230XX BLACK-ROD"
1772,"MDB-XS161GR V-Beam"
1773,"MDB-XS251GR T-Crow"
1774,"MDS-XS341GR H-Missile"
1775,"MDS-XS451GR G-Revolver"
1776,"MDB-XS562GR R-Canon"
1777,"MDS-XS662GR Night-Cage"
1778,"MDS-XS762GR M-Missile"
1779,"MDB-XS2141GR Rail-Gun"
1780,"MDB-XS2241GR M-Laser"
1781,"MDS-XS2541GR B-Bom"
1782,"MDS-XS2352GR Spain-Canon"
1783,"MDB-XS2252GR M-Laser"
1784,"MDS-XS2552GR B-Bom"
1785,"MDB-XS2163GR Rail-Gun"
1786,"MDB-XS2263GR M-Laser"
1787,"MDS-XS2563GR B-Bom"
1788,"MDS-XS2334GR Spain-Canon"
1789,"MDS-XS2534GR B-Bom"
1790,"壊れたドールウェポン"
1791,"壊れたドールウェポン"
1792,"壊れたドールウェポン"
1793,"壊れたドールウェポン"
1794,"壊れたドールウェポン"
1795,"MDW-F115GG P-Knife"
1796,"MDW-S315SA Assault"
1797,"MDS-S115SA M-Missile"
1798,"MDS-S315SA SHD-Gatling"
1799,"MDB-S215ME S-Missile"
1800,"MDB-S415SA Grenade"
1801,"MDW-S421SA Short-Rifle"
1802,"MDW-S431SA Short-Rifle"
1803,"MDW-S441SA Short-Rifle"
1804,"MDW-S451SA Short-Rifle"
1805,"MDW-S461SA Short-Rifle"
1806,"MDW-XS421SA Short-Rifle"
1807,"MDW-XS431SA Short-Rifle"
1808,"MDW-XS441SA Short-Rifle"
1809,"MDW-XS451SA Short-Rifle"
1810,"MDW-XS461SA Short-Rifle"
1811,"MDW-XXS421SA Short-Rifle"
1812,"MDW-XXS431SA Short-Rifle"
1813,"MDW-XXS441SA Short-Rifle"
1814,"MDW-XXS451SA Short-Rifle"
1815,"MDW-XXS461SA Short-Rifle"
1816,"MDW-S722SA E-Sniper"
1817,"MDW-S732SA E-Sniper"
1818,"MDW-S742SA E-Sniper"
1819,"MDW-S752SA E-Sniper"
1820,"MDW-S762SA E-Sniper"
1821,"MDW-XS722SA E-Sniper"
1822,"MDW-XS732SA E-Sniper"
1823,"MDW-XS742SA E-Sniper"
1824,"MDW-XS752SA E-Sniper"
1825,"MDW-XS762SA E-Sniper"
1826,"MDW-XXS722SA E-Sniper"
1827,"MDW-XXS732SA E-Sniper"
1828,"MDW-XXS742SA E-Sniper"
1829,"MDW-XXS752SA E-Sniper"
1830,"MDW-XXS762SA E-Sniper"
1831,"ARES-DW0000 M-BLADE"
1832,"ARES-DW0000 M-BLASTER"
1833,"ARES-SP0000 HECATON"
1834,"ARES-SP0000 SHIELD"
1835,"ARES-SP0000 CHARGE"
1836,"ARES-SP0000 HERMES"
1837,"ARES-SP0000 CHAOS"
1838,"ARES-SP0000 DAITARION"
1839,"ARES-SP0000 RUSH"
1840,"ARES-SP0000 HYPER"
1841,"MDW-S320GG Gun-Mode"
1842,"MDW-F320GG Blade-Mode"
1843,"MDB-F220GG Hunter"
1844,"MDB-F320GG G-Slash"
1845,"MDS-S620GG S-Nova"
1846,"MDS-S720GG Boost"
1847,"MDA-S120GG Gunform"
1848,"MDA-F120GG Build"
1849,"MDK-F220GG W-Blade"
1850,"MDK-F320GG Claw-Whip"
1851,"MDW-S330GG Gun-Mode"
1852,"MDW-F330GG Blade-Mode"
1853,"MDB-F230GG Hunter"
1854,"MDB-F330GG G-Slash"
1855,"MDS-S630GG S-Nova"
1856,"MDS-S730GG Boost"
1857,"MDA-S130GG Gunform"
1858,"MDA-F130GG Build"
1859,"MDK-F230GG W-Blade"
1860,"MDK-F330GG Claw-Whip"
1861,"MDW-S350GG Gun-Mode"
1862,"MDW-F350GG Blade-Mode"
1863,"MDB-F250GG Hunter"
1864,"MDB-F350GG G-Slash"
1865,"MDS-S650GG S-Nova"
1866,"MDS-S750GG Boost"
1867,"MDA-S150GG Gunform"
1868,"MDA-F150GG Build"
1869,"MDK-F250GG W-Blade"
1870,"MDK-F350GG Claw-Whip"
1871,"MDW-S360GG Gun-Mode"
1872,"MDW-F360GG Blade-Mode"
1873,"MDB-F260GG Hunter"
1874,"MDB-F360GG G-Slash"
1875,"MDS-S660GG S-Nova"
1876,"MDS-S760GG Boost"
1877,"MDA-S160GG Gunform"
1878,"MDA-F160GG Build"
1879,"MDK-F260GG W-Blade"
1880,"MDK-F360GG Claw-Whip"
